Index,Date,Answer
971,2/14/2024,TALON
970,2/13/2024,SCRAM
969,2/12/2024,PASTA
968,2/11/2024,NEVER
967,2/10/2024,FRIED
966,2/9/2024,STIFF
965,2/8/2024,PLACE
964,2/7/2024,AFTER
963,2/6/2024,WHICH
962,2/5/2024,REPEL
961,2/4/2024,VERGE
960,2/3/2024,MICRO
959,2/2/2024,CLEFT
958,2/1/2024,ALIVE
957,1/31/2024,BULKY
956,1/30/2024,EXPEL
955,1/29/2024,LEGGY
954,1/28/2024,EMBER
953,1/27/2024,SNAKE
952,1/26/2024,ALOOF
951,1/25/2024,BLOCK
950,1/24/2024,RELIC
949,1/23/2024,STILL
948,1/22/2024,TWEAK
947,1/21/2024,NORTH
946,1/20/2024,LARGE
945,1/19/2024,THING
944,1/18/2024,STOLE
943,1/17/2024,COURT
942,1/16/2024,BLOND
941,1/15/2024,LUNCH
940,1/14/2024,DOING
939,1/13/2024,HEARD
938,1/12/2024,ROUTE
937,1/11/2024,BRIEF
936,1/10/2024,THREW
935,1/9/2024,LINER
934,1/8/2024,FINAL
933,1/7/2024,STONY
932,1/6/2024,CABLE
931,1/5/2024,LUNGE
930,1/4/2024,SCANT
929,1/3/2024,TWIRL
928,1/2/2024,AGING
927,1/1/2024,MURAL
926,12/31/2023,SALTY
925,12/30/2023,THREE
924,12/29/2023,CHILD
923,12/28/2023,LEARN
922,12/27/2023,DAISY
921,12/26/2023,PHONE
920,12/25/2023,EVOKE
919,12/24/2023,GRACE
918,12/23/2023,SLOPE
917,12/22/2023,TOUCH
916,12/21/2023,BUILT
915,12/20/2023,SMALL
914,12/19/2023,TABLE
913,12/18/2023,FUNNY
912,12/17/2023,BACON
911,12/16/2023,GLOBE
910,12/15/2023,TOPIC
909,12/14/2023,WOULD
908,12/13/2023,SPENT
907,12/12/2023,THESE
906,12/11/2023,HOUSE
905,12/10/2023,CHAIN
904,12/9/2023,SHIFT
903,12/8/2023,SHARP
902,12/7/2023,SLEEP
901,12/6/2023,WOMAN
900,12/5/2023,YOUNG
899,12/4/2023,WORST
898,12/3/2023,ADAPT
897,12/2/2023,GENRE
896,12/1/2023,TAKEN
895,11/30/2023,RESIN
894,11/29/2023,SUSHI
893,11/28/2023,SCOPE
892,11/27/2023,TAWNY
891,11/26/2023,SOLID
890,11/25/2023,GUIDE
889,11/24/2023,THROW
888,11/23/2023,QUEEN
887,11/22/2023,PIXEL
886,11/21/2023,PIANO
885,11/20/2023,CANDY
884,11/19/2023,QUEUE
883,11/18/2023,THINK
882,11/17/2023,TARDY
881,11/16/2023,TRUST
880,11/15/2023,SIGHT
879,11/14/2023,SASSY
878,11/13/2023,GREEN
877,11/12/2023,MEANT
876,11/11/2023,ACTOR
875,11/10/2023,LEASH
874,11/9/2023,GLAZE
873,11/8/2023,NINJA
872,11/7/2023,LIMIT
871,11/6/2023,TRADE
870,11/5/2023,FLARE
869,11/4/2023,MANIA
868,11/3/2023,ARDOR
867,11/2/2023,UNTIL
866,11/1/2023,NOISE
865,10/31/2023,BLEAK
864,10/30/2023,GRAIL
863,10/29/2023,PHONY
862,10/28/2023,MASON
861,10/27/2023,NOBLE
860,10/26/2023,PIQUE
859,10/25/2023,RETRY
858,10/24/2023,CAUSE
857,10/23/2023,TEMPO
856,10/22/2023,GIVEN
855,10/21/2023,SMIRK
854,10/20/2023,OCCUR
853,10/19/2023,SPLAT
852,10/18/2023,MERCY
851,10/17/2023,ADULT
850,10/16/2023,GRAPH
849,10/15/2023,LEAKY
848,10/14/2023,AGENT
847,10/13/2023,UNCLE
846,10/12/2023,KNELT
845,10/11/2023,SKUNK
844,10/10/2023,SNAIL
843,10/9/2023,TRUTH
842,10/8/2023,BINGE
841,10/7/2023,VIOLA
840,10/6/2023,CHIME
839,10/5/2023,BUNCH
838,10/4/2023,SPURT
837,10/3/2023,WHILE
836,10/2/2023,MERRY
835,10/1/2023,BERET
834,9/30/2023,DADDY
833,9/29/2023,AZURE
832,9/28/2023,COACH
831,9/27/2023,SMILE
830,9/26/2023,LOYAL
829,9/25/2023,ROCKY
828,9/24/2023,RIGHT
827,9/23/2023,CAROL
826,9/22/2023,BRUSH
825,9/21/2023,STONE
824,9/20/2023,SNARE
823,9/19/2023,CLOSE
822,9/18/2023,FRANK
821,9/17/2023,MUSIC
820,9/16/2023,ANGEL
819,9/15/2023,EXERT
818,9/14/2023,RAYON
817,9/13/2023,CLEAR
816,9/12/2023,WHISK
815,9/11/2023,OLDER
814,9/10/2023,QUOTE
813,9/9/2023,LUCKY
812,9/8/2023,ROUSE
811,9/7/2023,DWELL
810,9/6/2023,GNASH
809,9/5/2023,BIRCH
808,9/4/2023,GIDDY
807,9/3/2023,AWAIT
806,9/2/2023,ONION
805,9/1/2023,SPACE
804,8/31/2023,BRIDE
803,8/30/2023,AUDIO
802,8/29/2023,CAPER
801,8/28/2023,WRITE
800,8/27/2023,PEACE
799,8/26/2023,CHOIR
798,8/25/2023,OCEAN
797,8/24/2023,WORDY
796,8/23/2023,VERVE
795,8/22/2023,SPICE
794,8/21/2023,BEACH
793,8/20/2023,QUEST
792,8/19/2023,MAGMA
791,8/18/2023,EXACT
790,8/17/2023,AMISS
789,8/16/2023,SCRUB
788,8/15/2023,INDEX
787,8/14/2023,SNAKY
786,8/13/2023,WRATH
785,8/12/2023,QUICK
784,8/11/2023,HELLO
783,8/10/2023,EMPTY
782,8/9/2023,LOVER
781,8/8/2023,BULLY
780,8/7/2023,BROOK
779,8/6/2023,POLYP
778,8/5/2023,ANODE
777,8/4/2023,CHART
776,8/3/2023,PARTY
775,8/2/2023,BEGET
774,8/1/2023,TENTH
773,7/31/2023,STYLE
772,7/30/2023,BATHE
771,7/29/2023,CURLY
770,7/28/2023,ETHOS
769,7/27/2023,DISCO
768,7/26/2023,HEART
767,7/25/2023,WHEEL
766,7/24/2023,HOBBY
765,7/23/2023,WHALE
764,7/22/2023,FROZE
763,7/21/2023,BURLY
762,7/20/2023,FLANK
761,7/19/2023,TONIC
760,7/18/2023,FLYER
759,7/17/2023,DROOP
758,7/16/2023,TOPAZ
757,7/15/2023,CRONE
756,7/14/2023,FIEND
755,7/13/2023,BARGE
754,7/12/2023,WHIRL
753,7/11/2023,EARTH
752,7/10/2023,FOLLY
751,7/9/2023,ENTER
750,7/8/2023,COWER
749,7/7/2023,DONUT
748,7/6/2023,WINDY
747,7/5/2023,VENOM
746,7/4/2023,IRATE
745,7/3/2023,HOTEL
744,7/2/2023,MOSSY
743,7/1/2023,BLEEP
742,6/30/2023,STRAW
741,6/29/2023,DINER
740,6/28/2023,TRACT
739,6/27/2023,ABOUT
738,6/26/2023,GUEST
737,6/25/2023,RODEO
736,6/24/2023,GRAND
735,6/23/2023,COVET
734,6/22/2023,TASTE
733,6/21/2023,CRANE
732,6/20/2023,FROST
731,6/19/2023,KAZOO
730,6/18/2023,SHYLY
729,6/17/2023,RANCH
728,6/16/2023,STRAP
727,6/15/2023,MAYBE
726,6/14/2023,CRIME
725,6/13/2023,PLUNK
724,6/12/2023,WRONG
723,6/11/2023,GUARD
722,6/10/2023,AGAIN
721,6/9/2023,BALSA
720,6/8/2023,CRUMB
719,6/7/2023,HATER
718,6/6/2023,SCOUT
717,6/5/2023,ENNUI
716,6/4/2023,BEAST
715,6/3/2023,NANNY
714,6/2/2023,HUMID
713,6/1/2023,JAZZY
712,5/31/2023,AGILE
711,5/30/2023,KNEEL
710,5/29/2023,MOUSE
709,5/28/2023,SKIMP
708,5/27/2023,RAMEN
707,5/26/2023,SWINE
706,5/25/2023,BAGEL
705,5/24/2023,UTTER
704,5/23/2023,CLERK
703,5/22/2023,IGLOO
702,5/21/2023,BRASH
701,5/20/2023,FLASK
700,5/19/2023,GRIEF
699,5/18/2023,SHORN
698,5/17/2023,PLANK
697,5/16/2023,LATTE
696,5/15/2023,CANOE
695,5/14/2023,SCARF
694,5/13/2023,ACRID
693,5/12/2023,SNACK
692,5/11/2023,BROOM
691,5/10/2023,ETHIC
690,5/9/2023,COCOA
689,5/8/2023,AGLOW
688,5/7/2023,GHOUL
687,5/6/2023,ANGER
686,5/5/2023,BELOW
685,5/4/2023,GUPPY
684,5/3/2023,HORDE
683,5/2/2023,SULKY
682,5/1/2023,RANGE
681,4/30/2023,PLAZA
680,4/29/2023,CEDAR
679,4/28/2023,CIRCA
678,4/27/2023,LOGIC
677,4/26/2023,METRO
676,4/25/2023,JOKER
675,4/24/2023,DITTO
674,4/23/2023,UNZIP
673,4/22/2023,BROKE
672,4/21/2023,KAYAK
671,4/20/2023,PLATE
670,4/19/2023,THUMP
669,4/18/2023,HOUND
668,4/17/2023,WHIFF
667,4/16/2023,DWELT
666,4/15/2023,AGONY
665,4/14/2023,THIEF
664,4/13/2023,CARAT
663,4/12/2023,BORAX
662,4/11/2023,QUALM
661,4/10/2023,UNDER
660,4/9/2023,SNAFU
659,4/8/2023,LEDGE
658,4/7/2023,LOCUS
657,4/6/2023,LEAFY
656,4/5/2023,SMASH
655,4/4/2023,RATIO
654,4/3/2023,FLORA
653,4/2/2023,STOCK
652,4/1/2023,MARCH
651,3/31/2023,EVERY
650,3/30/2023,BREAD
649,3/29/2023,BESET
648,3/28/2023,HURRY
647,3/27/2023,GUANO
646,3/26/2023,UNTIE
645,3/25/2023,VOTER
644,3/24/2023,GROUT
643,3/23/2023,STAID
642,3/22/2023,DUVET
641,3/21/2023,TOUGH
640,3/20/2023,GLOVE
639,3/19/2023,CREDO
638,3/18/2023,YACHT
637,3/17/2023,MEALY
636,3/16/2023,CIDER
635,3/15/2023,SWEEP
634,3/14/2023,SURLY
633,3/13/2023,BLAME
632,3/12/2023,BIRTH
631,3/11/2023,EMAIL
630,3/10/2023,REVEL
629,3/9/2023,WHERE
628,3/8/2023,REGAL
627,3/7/2023,HORSE
626,3/6/2023,PINKY
625,3/5/2023,TOXIC
624,3/4/2023,TREND
623,3/3/2023,SQUAT
622,3/2/2023,ABOVE
621,3/1/2023,MOOSE
620,2/28/2023,POLKA
619,2/27/2023,WORSE
618,2/26/2023,SYRUP
617,2/25/2023,FIFTY
616,2/24/2023,ARBOR
615,2/23/2023,VAGUE
614,2/22/2023,RIPER
613,2/21/2023,RUDDY
612,2/20/2023,SWEAT
611,2/19/2023,KIOSK
610,2/18/2023,AVAIL
609,2/17/2023,CACHE
608,2/16/2023,MAGIC
607,2/15/2023,SALSA
606,2/14/2023,SOUND
605,2/13/2023,USAGE
604,2/12/2023,GIANT
603,2/11/2023,DEBUG
602,2/10/2023,HEADY
601,2/9/2023,STAGE
600,2/8/2023,FLAIL
599,2/7/2023,APPLE
598,2/6/2023,NINTH
597,2/5/2023,DANCE
596,2/4/2023,UNLIT
595,2/3/2023,TASTY
594,2/2/2023,SHIRK
593,2/1/2023,SCOLD
592,1/31/2023,CROSS
591,1/30/2023,CRAVE
590,1/29/2023,FISHY
589,1/28/2023,FLIRT
588,1/27/2023,WORRY
587,1/26/2023,BEEFY
586,1/25/2023,MAIZE
585,1/24/2023,COUNT
584,1/23/2023,ELUDE
583,1/22/2023,MATEY
582,1/21/2023,BLURB
581,1/20/2023,ALTER
580,1/19/2023,MUCKY
579,1/18/2023,CHARD
578,1/17/2023,ADOPT
577,1/16/2023,FROCK
576,1/15/2023,SPIRE
575,1/14/2023,KOALA
574,1/13/2023,HUMAN
573,1/12/2023,LEAPT
572,1/11/2023,SEDAN
571,1/10/2023,GRIMY
570,1/9/2023,PIXIE
569,1/8/2023,OPERA
568,1/7/2023,LEMON
567,1/6/2023,BELIE
566,1/5/2023,SLEEK
565,1/4/2023,LAYER
564,1/3/2023,ANTIC
563,1/2/2023,SKIRT
562,1/1/2023,WHINE
561,12/31/2022,MANLY
560,12/30/2022,MOLAR
559,12/29/2022,HAVOC
558,12/28/2022,IMPEL
557,12/27/2022,CONDO
556,12/26/2022,JUDGE
555,12/25/2022,EXTRA
554,12/24/2022,POISE
553,12/23/2022,AORTA
552,12/22/2022,EXCEL
551,12/21/2022,LUNAR
550,12/20/2022,THIRD
549,12/19/2022,SLATE
548,12/18/2022,TAPER
547,12/17/2022,CHORD
546,12/16/2022,PROBE
545,12/15/2022,RIVAL
544,12/14/2022,USUAL
543,12/13/2022,SPOKE
542,12/12/2022,APPLY
541,12/11/2022,NAIVE
540,12/10/2022,KNOCK
539,12/9/2022,BRAID
538,12/8/2022,INFER
537,12/7/2022,JOUST
536,12/6/2022,AMBER
535,12/5/2022,WOKEN
534,12/4/2022,ADORE
533,12/3/2022,TORSO
532,12/2/2022,CHAFE
531,12/1/2022,EJECT
530,11/30/2022,STUDY
529,11/29/2022,UNDUE
528,11/28/2022,TEPID
527,11/27/2022,HAPPY
526,11/26/2022,CLEAN
525,11/25/2022,ITCHY
524,11/24/2022,FEAST
523,11/23/2022,DRIVE
522,11/22/2022,PRIME
521,11/21/2022,AXIOM
520,11/20/2022,BRAVE
519,11/19/2022,AVERT
518,11/18/2022,GLYPH
517,11/17/2022,THERE
516,11/16/2022,BAKER
515,11/15/2022,SNARL
514,11/14/2022,MAPLE
513,11/13/2022,INANE
512,11/12/2022,VALET
511,11/11/2022,MEDAL
510,11/10/2022,UNITE
509,11/9/2022,RAINY
508,11/8/2022,SPELL
507,11/7/2022,BEGIN
506,11/6/2022,STALE
505,11/5/2022,DREAM
504,11/4/2022,PHOTO
503,11/3/2022,ALOUD
502,11/2/2022,INEPT
501,11/1/2022,PINEY
500,10/31/2022,APTLY
499,10/30/2022,WALTZ
498,10/29/2022,LIBEL
497,10/28/2022,SNEAK
496,10/27/2022,CARRY
495,10/26/2022,FLOUT
494,10/25/2022,FOGGY
493,10/24/2022,FAULT
492,10/23/2022,MUMMY
491,10/22/2022,SPIEL
490,10/21/2022,GROVE
489,10/20/2022,DENIM
488,10/19/2022,QUIRK
487,10/18/2022,EXIST
486,10/17/2022,STEIN
485,10/16/2022,SPADE
484,10/15/2022,CATCH
483,10/14/2022,FLOOR
482,10/13/2022,EQUAL
481,10/12/2022,IONIC
480,10/11/2022,VALID
479,10/10/2022,ENJOY
478,10/9/2022,HOWDY
477,10/8/2022,VIGOR
476,10/7/2022,DANDY
475,10/6/2022,SLOTH
474,10/5/2022,MARSH
473,10/4/2022,BOUGH
472,10/3/2022,STING
471,10/2/2022,TWINE
470,10/1/2022,LEAVE
469,9/30/2022,SCORN
468,9/29/2022,SCALD
467,9/28/2022,USURP
466,9/27/2022,SOGGY
465,9/26/2022,BRISK
464,9/25/2022,ADMIT
463,9/24/2022,GRATE
462,9/23/2022,GLORY
461,9/22/2022,SAINT
460,9/21/2022,RECAP
459,9/20/2022,ALIKE
458,9/19/2022,TRICE
457,9/18/2022,STICK
456,9/17/2022,CHUTE
455,9/16/2022,PARER
454,9/15/2022,DOUBT
453,9/14/2022,THYME
452,9/13/2022,ALPHA
451,9/12/2022,BOOZE
450,9/11/2022,TIBIA
449,9/10/2022,LOFTY
448,9/9/2022,THEME
447,9/8/2022,CLASS
446,9/7/2022,LEERY
445,9/6/2022,TAUNT
444,9/5/2022,WHOOP
443,9/4/2022,INTER
442,9/3/2022,GULLY
441,9/2/2022,CHARM
440,9/1/2022,FUNGI
439,8/31/2022,PRIZE
438,8/30/2022,ONSET
437,8/29/2022,CHIEF
436,8/28/2022,GAUZE
435,8/27/2022,RUDER
434,8/26/2022,IRONY
433,8/25/2022,CLOWN
432,8/24/2022,NEEDY
431,8/23/2022,WOVEN
430,8/22/2022,MERIT
429,8/21/2022,WASTE
428,8/20/2022,TREAT
427,8/19/2022,SHRUG
426,8/18/2022,TWANG
425,8/17/2022,TWICE
424,8/16/2022,GRUEL
423,8/15/2022,POKER
422,8/14/2022,KHAKI
421,8/13/2022,HUNKY
420,8/12/2022,LABEL
419,8/11/2022,GLEAN
418,8/10/2022,CLING
417,8/9/2022,PATTY
416,8/8/2022,UNFIT
415,8/7/2022,SMEAR
414,8/6/2022,ALIEN
413,8/5/2022,BUGGY
412,8/4/2022,RHYME
411,8/3/2022,YOUTH
410,8/2/2022,COYLY
409,8/1/2022,QUART
408,7/31/2022,CRAMP
407,7/30/2022,BLUFF
406,7/29/2022,UPSET
405,7/28/2022,STOMP
404,7/27/2022,MOTTO
403,7/26/2022,CINCH
402,7/25/2022,ELOPE
401,7/24/2022,POWER
400,7/23/2022,MIDGE
399,7/22/2022,TRYST
398,7/21/2022,APHID
397,7/20/2022,TRITE
396,7/19/2022,ANGRY
395,7/18/2022,FLOCK
394,7/17/2022,WACKY
393,7/16/2022,ROOMY
392,7/15/2022,WEDGE
391,7/14/2022,LIVER
390,7/13/2022,BLAND
389,7/12/2022,NIGHT
388,7/11/2022,MADAM
387,7/10/2022,BERTH
386,7/9/2022,STEAD
385,7/8/2022,VOICE
384,7/7/2022,AGAPE
383,7/6/2022,FLUFF
382,7/5/2022,FIELD
381,7/4/2022,SEVER
380,7/3/2022,LILAC
379,7/2/2022,EGRET
378,7/1/2022,PINTO
377,6/30/2022,HUTCH
376,6/29/2022,GAWKY
375,6/28/2022,DROLL
374,6/27/2022,RETRO
373,6/26/2022,RUSTY
372,6/25/2022,BEADY
371,6/24/2022,SMITE
370,6/23/2022,BRINK
369,6/22/2022,AWFUL
368,6/21/2022,GLOAT
367,6/20/2022,INPUT
366,6/19/2022,LOSER
365,6/18/2022,CACAO
364,6/17/2022,BLOWN
363,6/16/2022,APRON
362,6/15/2022,PRIMO
361,6/14/2022,ATONE
360,6/13/2022,DONOR
359,6/12/2022,FLOAT
358,6/11/2022,GOOSE
357,6/10/2022,PIETY
356,6/9/2022,GIRTH
355,6/8/2022,TRAIT
354,6/7/2022,FLOOD
353,6/6/2022,GLOOM
352,6/5/2022,DEPTH
351,6/4/2022,FROTH
350,6/3/2022,PHASE
349,6/2/2022,SHOWY
348,6/1/2022,CREAK
347,5/31/2022,MANOR
346,5/30/2022,ATOLL
345,5/29/2022,BAYOU
344,5/28/2022,CREPT
343,5/27/2022,TIARA
342,5/26/2022,ASSET
341,5/25/2022,VOUCH
340,5/24/2022,ALBUM
339,5/23/2022,HINGE
338,5/22/2022,MONEY
337,5/21/2022,SCRAP
336,5/20/2022,GAMER
335,5/19/2022,GLASS
334,5/18/2022,SCOUR
333,5/17/2022,BEING
332,5/16/2022,DELVE
331,5/15/2022,YIELD
330,5/14/2022,METAL
329,5/13/2022,TIPSY
328,5/12/2022,SLUNG
327,5/11/2022,FARCE
326,5/10/2022,GECKO
325,5/9/2022,SHINE
324,5/8/2022,CANNY
323,5/7/2022,MIDST
322,5/6/2022,BADGE
321,5/5/2022,HOMER
320,5/4/2022,TRAIN
319,5/3/2022,HAIRY
318,5/2/2022,STORY
317,5/1/2022,FORGO
316,4/30/2022,LARVA
315,4/29/2022,TRASH
314,4/28/2022,ZESTY
313,4/27/2022,SHOWN
312,4/26/2022,HEIST
311,4/25/2022,ASKEW
310,4/24/2022,INERT
309,4/23/2022,OLIVE
308,4/22/2022,PLANT
307,4/21/2022,OXIDE
306,4/20/2022,CARGO
305,4/19/2022,FOYER
304,4/18/2022,FLAIR
303,4/17/2022,AMPLE
302,4/16/2022,CHEEK
301,4/15/2022,SHAME
300,4/14/2022,MINCE
299,4/13/2022,CHUNK
298,4/12/2022,ROYAL
297,4/11/2022,SQUAD
296,4/10/2022,BLACK
295,4/9/2022,STAIR
294,4/8/2022,SCARE
293,4/7/2022,FORAY
292,4/6/2022,COMMA
291,4/5/2022,NATAL
290,4/4/2022,SHAWL
289,4/3/2022,FEWER
288,4/2/2022,TROPE
287,4/1/2022,SNOUT
286,3/31/2022,LOWLY
285,3/30/2022,STOVE
284,3/29/2022,SHALL
283,3/28/2022,FOUND
282,3/27/2022,NYMPH
281,3/26/2022,EPOXY
280,3/25/2022,DEPOT
279,3/24/2022,CHEST
278,3/23/2022,PURGE
277,3/22/2022,SLOSH
276,3/21/2022,THEIR
275,3/20/2022,RENEW
274,3/19/2022,ALLOW
273,3/18/2022,SAUTE
272,3/17/2022,MOVIE
271,3/16/2022,CATER
270,3/15/2022,TEASE
269,3/14/2022,SMELT
268,3/13/2022,FOCUS
267,3/12/2022,TODAY
266,3/11/2022,WATCH
265,3/10/2022,LAPSE
264,3/9/2022,MONTH
263,3/8/2022,SWEET
262,3/7/2022,HOARD
261,3/6/2022,CLOTH
260,3/5/2022,BRINE
259,3/4/2022,AHEAD
258,3/3/2022,MOURN
257,3/2/2022,NASTY
256,3/1/2022,RUPEE
255,2/28/2022,CHOKE
254,2/27/2022,CHANT
253,2/26/2022,SPILL
252,2/25/2022,VIVID
251,2/24/2022,BLOKE
250,2/23/2022,TROVE
249,2/22/2022,THORN
248,2/21/2022,OTHER
247,2/20/2022,TACIT
246,2/19/2022,SWILL
245,2/18/2022,DODGE
244,2/17/2022,SHAKE
243,2/16/2022,CAULK
242,2/15/2022,AROMA
241,2/14/2022,CYNIC
240,2/13/2022,ROBIN
239,2/12/2022,ULTRA
238,2/11/2022,ULCER
237,2/10/2022,PAUSE
236,2/9/2022,HUMOR
235,2/8/2022,FRAME
234,2/7/2022,ELDER
233,2/6/2022,SKILL
232,2/5/2022,ALOFT
231,2/4/2022,PLEAT
230,2/3/2022,SHARD
229,2/2/2022,MOIST
228,2/1/2022,THOSE
227,1/31/2022,LIGHT
226,1/30/2022,WRUNG
225,1/29/2022,COULD
224,1/28/2022,PERKY
223,1/27/2022,MOUNT
222,1/26/2022,WHACK
221,1/25/2022,SUGAR
220,1/24/2022,KNOLL
219,1/23/2022,CRIMP
218,1/22/2022,WINCE
217,1/21/2022,PRICK
216,1/20/2022,ROBOT
215,1/19/2022,POINT
214,1/18/2022,PROXY
213,1/17/2022,SHIRE
212,1/16/2022,SOLAR
211,1/15/2022,PANIC
210,1/14/2022,TANGY
209,1/13/2022,ABBEY
208,1/12/2022,FAVOR
207,1/11/2022,DRINK
206,1/10/2022,QUERY
205,1/9/2022,GORGE
204,1/8/2022,CRANK
203,1/7/2022,SLUMP
202,1/6/2022,BANAL
201,1/5/2022,TIGER
200,1/4/2022,SIEGE
199,1/3/2022,TRUSS
198,1/2/2022,BOOST
197,1/1/2022,REBUS
196,12/31/2021,UNIFY
195,12/30/2021,TROLL
194,12/29/2021,TAPIR
193,12/28/2021,ASIDE
192,12/27/2021,FERRY
191,12/26/2021,ACUTE
190,12/25/2021,PICKY
189,12/24/2021,WEARY
188,12/23/2021,GRIPE
187,12/22/2021,CRAZE
186,12/21/2021,PLUCK
185,12/20/2021,BRAKE
184,12/19/2021,BATON
183,12/18/2021,CHAMP
182,12/17/2021,PEACH
181,12/16/2021,USING
180,12/15/2021,TRACE
179,12/14/2021,VITAL
178,12/13/2021,SONIC
177,12/12/2021,MASSE
176,12/11/2021,CONIC
175,12/10/2021,VIRAL
174,12/9/2021,RHINO
173,12/8/2021,BREAK
172,12/7/2021,TRIAD
171,12/6/2021,EPOCH
170,12/5/2021,USHER
169,12/4/2021,EXULT
168,12/3/2021,GRIME
167,12/2/2021,CHEAT
166,12/1/2021,SOLVE
165,11/30/2021,BRING
164,11/29/2021,PROVE
163,11/28/2021,STORE
162,11/27/2021,TILDE
161,11/26/2021,CLOCK
160,11/25/2021,WROTE
159,11/24/2021,RETCH
158,11/23/2021,PERCH
157,11/22/2021,ROUGE
156,11/21/2021,RADIO
155,11/20/2021,SURER
154,11/19/2021,FINER
153,11/18/2021,VODKA
152,11/17/2021,HERON
151,11/16/2021,CHILL
150,11/15/2021,GAUDY
149,11/14/2021,PITHY
148,11/13/2021,SMART
147,11/12/2021,BADLY
146,11/11/2021,ROGUE
145,11/10/2021,GROUP
144,11/9/2021,FIXER
143,11/8/2021,GROIN
142,11/7/2021,DUCHY
141,11/6/2021,COAST
140,11/5/2021,BLURT
139,11/4/2021,PULPY
138,11/3/2021,ALTAR
137,11/2/2021,GREAT
136,11/1/2021,BRIAR
135,10/31/2021,CLICK
134,10/30/2021,GOUGE
133,10/29/2021,WORLD
132,10/28/2021,ERODE
131,10/27/2021,BOOZY
130,10/26/2021,DOZEN
129,10/25/2021,FLING
128,10/24/2021,GROWL
127,10/23/2021,ABYSS
126,10/22/2021,STEED
125,10/21/2021,ENEMA
124,10/20/2021,JAUNT
123,10/19/2021,COMET
122,10/18/2021,TWEED
121,10/17/2021,PILOT
120,10/16/2021,DUTCH
119,10/15/2021,BELCH
118,10/14/2021,OUGHT
117,10/13/2021,DOWRY
116,10/12/2021,THUMB
115,10/11/2021,HYPER
114,10/10/2021,HATCH
113,10/9/2021,ALONE
112,10/8/2021,MOTOR
111,10/7/2021,ABACK
110,10/6/2021,GUILD
109,10/5/2021,KEBAB
108,10/4/2021,SPEND
107,10/3/2021,FJORD
106,10/2/2021,ESSAY
105,10/1/2021,SPRAY
104,9/30/2021,SPICY
103,9/29/2021,AGATE
102,9/28/2021,SALAD
101,9/27/2021,BASIC
100,9/26/2021,MOULT
99,9/25/2021,CORNY
98,9/24/2021,FORGE
97,9/23/2021,CIVIC
96,9/22/2021,ISLET
95,9/21/2021,LABOR
94,9/20/2021,GAMMA
93,9/19/2021,LYING
92,9/18/2021,AUDIT
91,9/17/2021,ROUND
90,9/16/2021,LOOPY
89,9/15/2021,LUSTY
88,9/14/2021,GOLEM
87,9/13/2021,GONER
86,9/12/2021,GREET
85,9/11/2021,START
84,9/10/2021,LAPEL
83,9/9/2021,BIOME
82,9/8/2021,PARRY
81,9/7/2021,SHRUB
80,9/6/2021,FRONT
79,9/5/2021,WOOER
78,9/4/2021,TOTEM
77,9/3/2021,FLICK
76,9/2/2021,DELTA
75,9/1/2021,BLEED
74,8/31/2021,ARGUE
73,8/30/2021,SWIRL
72,8/29/2021,ERROR
71,8/28/2021,AGREE
70,8/27/2021,OFFAL
69,8/26/2021,FLUME
68,8/25/2021,CRASS
67,8/24/2021,PANEL
66,8/23/2021,STOUT
65,8/22/2021,BRIBE
64,8/21/2021,DRAIN
63,8/20/2021,YEARN
62,8/19/2021,PRINT
61,8/18/2021,SEEDY
60,8/17/2021,IVORY
59,8/16/2021,BELLY
58,8/15/2021,STAND
57,8/14/2021,FIRST
56,8/13/2021,FORTH
55,8/12/2021,BOOBY
54,8/11/2021,FLESH
53,8/10/2021,UNMET
52,8/9/2021,LINEN
51,8/8/2021,MAXIM
50,8/7/2021,POUND
49,8/6/2021,MIMIC
48,8/5/2021,SPIKE
47,8/4/2021,CLUCK
46,8/3/2021,CRATE
45,8/2/2021,DIGIT
44,8/1/2021,REPAY
43,7/31/2021,SOWER
42,7/30/2021,CRAZY
41,7/29/2021,ADOBE
40,7/28/2021,OUTDO
39,7/27/2021,TRAWL
38,7/26/2021,WHELP
37,7/25/2021,UNFED
36,7/24/2021,PAPER
35,7/23/2021,STAFF
34,7/22/2021,CROAK
33,7/21/2021,HELIX
32,7/20/2021,FLOSS
31,7/19/2021,PRIDE
30,7/18/2021,BATTY
29,7/17/2021,REACT
28,7/16/2021,MARRY
27,7/15/2021,ABASE
26,7/14/2021,COLON
25,7/13/2021,STOOL
24,7/12/2021,CRUST
23,7/11/2021,FRESH
22,7/10/2021,DEATH
21,7/9/2021,MAJOR
20,7/8/2021,FEIGN
19,7/7/2021,ABATE
18,7/6/2021,BENCH
17,7/5/2021,QUIET
16,7/4/2021,GRADE
15,7/3/2021,STINK
14,7/2/2021,KARMA
13,7/1/2021,MODEL
12,6/30/2021,DWARF
11,6/29/2021,HEATH
10,6/28/2021,SERVE
9,6/27/2021,NAVAL
8,6/26/2021,EVADE
7,6/25/2021,FOCAL
6,6/24/2021,BLUSH
5,6/23/2021,AWAKE
4,6/22/2021,HUMPH
3,6/21/2021,SISSY
2,6/20/2021,REBUT
1,6/19/2021,CIGAR
