Index,Date,Word
1121,7/14/2024,VIDEO
1120,7/13/2024,ENACT
1119,7/12/2024,JIFFY
1118,7/11/2024,CAMEO
1117,7/10/2024,GAUNT
1116,7/9/2024,BLARE
1115,7/8/2024,SHAPE
1114,7/7/2024,CANON
1113,7/6/2024,SCOFF
1112,7/5/2024,CRUSH
1111,7/4/2024,DEBUT
1110,7/3/2024,THIGH
1109,7/2/2024,INLAY
1108,7/1/2024,ADAGE
1107,6/30/2024,BUDDY
1106,6/29/2024,ZEBRA
1105,6/28/2024,DROVE
1104,6/27/2024,ORDER
1103,6/26/2024,KNEAD
1102,6/25/2024,SAVOR
1101,6/24/2024,DOLLY
1100,6/23/2024,BUGLE
1099,6/22/2024,EDICT
1098,6/21/2024,PAINT
1097,6/20/2024,SCENT
1096,6/19/2024,TERSE
1095,6/18/2024,COVER
1094,6/17/2024,PRIOR
1093,6/16/2024,GRIND
1092,6/15/2024,PROUD
1091,6/14/2024,VAULT
1090,6/13/2024,ANGST
1089,6/12/2024,DETER
1088,6/11/2024,SWUNG
1087,6/10/2024,MANGA
1086,6/9/2024,CROWD
1085,6/8/2024,HENCE
1084,6/7/2024,MELON
1083,6/6/2024,ETHER
1082,6/5/2024,ORGAN
1081,6/4/2024,GROOM
1080,6/3/2024,STARK
1079,6/2/2024,BRAVO
1078,6/1/2024,BASIN
1077,5/31/2024,CHAOS
1076,5/30/2024,GUMMY
1075,5/29/2024,PAPAL
1074,5/28/2024,MINUS
1073,5/27/2024,SKIER
1072,5/26/2024,BEVEL
1071,5/25/2024,TITAN
1070,5/24/2024,GLIDE
1069,5/23/2024,SWISH
1068,5/22/2024,EXALT
1067,5/21/2024,DINGO
1066,5/20/2024,NICER
1065,5/19/2024,HITCH
1064,5/18/2024,BRINY
1063,5/17/2024,TUTOR
1062,5/16/2024,STALL
1061,5/15/2024,PINCH
1060,5/14/2024,AMASS
1059,5/13/2024,CUMIN
1058,5/12/2024,OUTER
1057,5/11/2024,TIDAL
1056,5/10/2024,MEDIA
1055,5/9/2024,JERKY
1054,5/8/2024,PIOUS
1053,5/7/2024,MUSTY
1052,5/6/2024,SHAVE
1051,5/5/2024,DECAL
1050,5/4/2024,VALUE
1049,5/3/2024,EBONY
1048,5/2/2024,SLICE
1047,5/1/2024,DIARY
1046,4/30/2024,PROWL
1045,4/29/2024,CRAFT
1044,4/28/2024,PRUNE
1043,4/27/2024,GLEAM
1042,4/26/2024,VAPID
1041,4/25/2024,INTRO
1040,4/24/2024,OVERT
1039,4/23/2024,ROVER
1038,4/22/2024,LASER
1037,4/21/2024,JOLLY
1036,4/20/2024,LUCID
1035,4/19/2024,RAISE
1034,4/18/2024,FACET
1033,4/17/2024,TITHE
1032,4/16/2024,SHANK
1031,4/15/2024,EQUIP
1030,4/14/2024,BLIMP
1029,4/13/2024,STEEL
1028,4/12/2024,WHINY
1027,4/11/2024,LOUSE
1026,4/10/2024,BROTH
1025,4/9/2024,MERGE
1024,4/8/2024,BREED
1023,4/7/2024,VOILA
1022,4/6/2024,FINCH
1021,4/5/2024,WRIST
1020,4/4/2024,CLIMB
1019,4/3/2024,PLAIT
1018,4/2/2024,SERUM
1017,4/1/2024,FROND
1016,3/31/2024,TABOO
1015,3/30/2024,FORCE
1014,3/29/2024,REALM
1013,3/28/2024,SPEAK
1012,3/27/2024,STUNG
1011,3/26/2024,MAYOR
1010,3/25/2024,SALLY
1009,3/24/2024,TOWEL
1008,3/23/2024,RISEN
1007,3/22/2024,DECAY
1006,3/21/2024,SHADE
1005,3/20/2024,LINGO
1004,3/19/2024,ABIDE
1003,3/18/2024,SPELT
1002,3/17/2024,SNORT
1001,3/16/2024,TOXIN
1000,3/15/2024,ERUPT
999,3/14/2024,SINCE
998,3/13/2024,LOCAL
997,3/12/2024,HEAVE
996,3/11/2024,PESKY
995,3/10/2024,GRASP
994,3/9/2024,CHEER
993,3/8/2024,EARLY
992,3/7/2024,CLONE
991,3/6/2024,TEARY
990,3/5/2024,HUNCH
989,3/4/2024,FLAME
988,3/3/2024,STATE
987,3/2/2024,URBAN
986,3/1/2024,FORTY
985,2/29/2024,IMAGE
984,2/28/2024,DEVIL
983,2/27/2024,SENSE
982,2/26/2024,OFTEN
981,2/25/2024,SMITH
980,2/24/2024,PIPER
979,2/23/2024,APART
978,2/22/2024,HEAVY
977,2/21/2024,BUILD
976,2/20/2024,MATCH
975,2/19/2024,PRICE
974,2/18/2024,RIDGE
973,2/17/2024,PSALM
972,2/16/2024,STASH
971,2/15/2024,ASCOT
970,2/14/2024,TALON
969,2/13/2024,SCRAM
968,2/12/2024,PASTA
967,2/11/2024,NEVER
966,2/10/2024,FRIED
965,2/9/2024,STIFF
964,2/8/2024,PLACE
963,2/7/2024,AFTER
962,2/6/2024,WHICH
961,2/5/2024,REPEL
960,2/4/2024,VERGE
959,2/3/2024,MICRO
958,2/2/2024,CLEFT
957,2/1/2024,ALIVE
956,1/31/2024,BULKY
955,1/30/2024,EXPEL
954,1/29/2024,LEGGY
953,1/28/2024,EMBER
952,1/27/2024,SNAKE
951,1/26/2024,ALOOF
950,1/25/2024,BLOCK
949,1/24/2024,RELIC
948,1/23/2024,STILL
947,1/22/2024,TWEAK
946,1/21/2024,NORTH
945,1/20/2024,LARGE
944,1/19/2024,THING
943,1/18/2024,STOLE
942,1/17/2024,COURT
941,1/16/2024,BLOND
940,1/15/2024,LUNCH
939,1/14/2024,DOING
938,1/13/2024,HEARD
937,1/12/2024,ROUTE
936,1/11/2024,BRIEF
935,1/10/2024,THREW
934,1/9/2024,LINER
933,1/8/2024,FINAL
932,1/7/2024,STONY
931,1/6/2024,CABLE
930,1/5/2024,LUNGE
929,1/4/2024,SCANT
928,1/3/2024,TWIRL
927,1/2/2024,AGING
926,1/1/2024,MURAL
925,12/31/2023,SALTY
924,12/30/2023,THREE
923,12/29/2023,CHILD
922,12/28/2023,LEARN
921,12/27/2023,DAISY
920,12/26/2023,PHONE
919,12/25/2023,EVOKE
918,12/24/2023,GRACE
917,12/23/2023,SLOPE
916,12/22/2023,TOUCH
915,12/21/2023,BUILT
914,12/20/2023,SMALL
913,12/19/2023,TABLE
912,12/18/2023,FUNNY
911,12/17/2023,BACON
910,12/16/2023,GLOBE
909,12/15/2023,TOPIC
908,12/14/2023,WOULD
907,12/13/2023,SPENT
906,12/12/2023,THESE
905,12/11/2023,HOUSE
904,12/10/2023,CHAIN
903,12/9/2023,SHIFT
902,12/8/2023,SHARP
901,12/7/2023,SLEEP
900,12/6/2023,WOMAN
899,12/5/2023,YOUNG
898,12/4/2023,WORST
897,12/3/2023,ADAPT
896,12/2/2023,GENRE
895,12/1/2023,TAKEN
894,11/30/2023,RESIN
893,11/29/2023,SUSHI
892,11/28/2023,SCOPE
891,11/27/2023,TAWNY
890,11/26/2023,SOLID
889,11/25/2023,GUIDE
888,11/24/2023,THROW
887,11/23/2023,QUEEN
886,11/22/2023,PIXEL
885,11/21/2023,PIANO
884,11/20/2023,CANDY
883,11/19/2023,QUEUE
882,11/18/2023,THINK
881,11/17/2023,TARDY
880,11/16/2023,TRUST
879,11/15/2023,SIGHT
878,11/14/2023,SASSY
877,11/13/2023,GREEN
876,11/12/2023,MEANT
875,11/11/2023,ACTOR
874,11/10/2023,LEASH
873,11/9/2023,GLAZE
872,11/8/2023,NINJA
871,11/7/2023,LIMIT
870,11/6/2023,TRADE
869,11/5/2023,FLARE
868,11/4/2023,MANIA
867,11/3/2023,ARDOR
866,11/2/2023,UNTIL
865,11/1/2023,NOISE
864,10/31/2023,BLEAK
863,10/30/2023,GRAIL
862,10/29/2023,PHONY
861,10/28/2023,MASON
860,10/27/2023,NOBLE
859,10/26/2023,PIQUE
858,10/25/2023,RETRY
857,10/24/2023,CAUSE
856,10/23/2023,TEMPO
855,10/22/2023,GIVEN
854,10/21/2023,SMIRK
853,10/20/2023,OCCUR
852,10/19/2023,SPLAT
851,10/18/2023,MERCY
850,10/17/2023,ADULT
849,10/16/2023,GRAPH
848,10/15/2023,LEAKY
847,10/14/2023,AGENT
846,10/13/2023,UNCLE
845,10/12/2023,KNELT
844,10/11/2023,SKUNK
843,10/10/2023,SNAIL
842,10/9/2023,TRUTH
841,10/8/2023,BINGE
840,10/7/2023,VIOLA
839,10/6/2023,CHIME
838,10/5/2023,BUNCH
837,10/4/2023,SPURT
836,10/3/2023,WHILE
835,10/2/2023,MERRY
834,10/1/2023,BERET
833,9/30/2023,DADDY
832,9/29/2023,AZURE
831,9/28/2023,COACH
830,9/27/2023,SMILE
829,9/26/2023,LOYAL
828,9/25/2023,ROCKY
827,9/24/2023,RIGHT
826,9/23/2023,CAROL
825,9/22/2023,BRUSH
824,9/21/2023,STONE
823,9/20/2023,SNARE
822,9/19/2023,CLOSE
821,9/18/2023,FRANK
820,9/17/2023,MUSIC
819,9/16/2023,ANGEL
818,9/15/2023,EXERT
817,9/14/2023,RAYON
816,9/13/2023,CLEAR
815,9/12/2023,WHISK
814,9/11/2023,OLDER
813,9/10/2023,QUOTE
812,9/9/2023,LUCKY
811,9/8/2023,ROUSE
810,9/7/2023,DWELL
809,9/6/2023,GNASH
808,9/5/2023,BIRCH
807,9/4/2023,GIDDY
806,9/3/2023,AWAIT
805,9/2/2023,ONION
804,9/1/2023,SPACE
803,8/31/2023,BRIDE
802,8/30/2023,AUDIO
801,8/29/2023,CAPER
800,8/28/2023,WRITE
799,8/27/2023,PEACE
798,8/26/2023,CHOIR
797,8/25/2023,OCEAN
796,8/24/2023,WORDY
795,8/23/2023,VERVE
794,8/22/2023,SPICE
793,8/21/2023,BEACH
792,8/20/2023,QUEST
791,8/19/2023,MAGMA
790,8/18/2023,EXACT
789,8/17/2023,AMISS
788,8/16/2023,SCRUB
787,8/15/2023,INDEX
786,8/14/2023,SNAKY
785,8/13/2023,WRATH
784,8/12/2023,QUICK
783,8/11/2023,HELLO
782,8/10/2023,EMPTY
781,8/9/2023,LOVER
780,8/8/2023,BULLY
779,8/7/2023,BROOK
778,8/6/2023,POLYP
777,8/5/2023,ANODE
776,8/4/2023,CHART
775,8/3/2023,PARTY
774,8/2/2023,BEGET
773,8/1/2023,TENTH
772,7/31/2023,STYLE
771,7/30/2023,BATHE
770,7/29/2023,CURLY
769,7/28/2023,ETHOS
768,7/27/2023,DISCO
767,7/26/2023,HEART
766,7/25/2023,WHEEL
765,7/24/2023,HOBBY
764,7/23/2023,WHALE
763,7/22/2023,FROZE
762,7/21/2023,BURLY
761,7/20/2023,FLANK
760,7/19/2023,TONIC
759,7/18/2023,FLYER
758,7/17/2023,DROOP
757,7/16/2023,TOPAZ
756,7/15/2023,CRONE
755,7/14/2023,FIEND
754,7/13/2023,BARGE
753,7/12/2023,WHIRL
752,7/11/2023,EARTH
751,7/10/2023,FOLLY
750,7/9/2023,ENTER
749,7/8/2023,COWER
748,7/7/2023,DONUT
747,7/6/2023,WINDY
746,7/5/2023,VENOM
745,7/4/2023,IRATE
744,7/3/2023,HOTEL
743,7/2/2023,MOSSY
742,7/1/2023,BLEEP
741,6/30/2023,STRAW
740,6/29/2023,DINER
739,6/28/2023,TRACT
738,6/27/2023,ABOUT
737,6/26/2023,GUEST
736,6/25/2023,RODEO
735,6/24/2023,GRAND
734,6/23/2023,COVET
733,6/22/2023,TASTE
732,6/21/2023,CRANE
731,6/20/2023,FROST
730,6/19/2023,KAZOO
729,6/18/2023,SHYLY
728,6/17/2023,RANCH
727,6/16/2023,STRAP
726,6/15/2023,MAYBE
725,6/14/2023,CRIME
724,6/13/2023,PLUNK
723,6/12/2023,WRONG
722,6/11/2023,GUARD
721,6/10/2023,AGAIN
720,6/9/2023,BALSA
719,6/8/2023,CRUMB
718,6/7/2023,HATER
717,6/6/2023,SCOUT
716,6/5/2023,ENNUI
715,6/4/2023,BEAST
714,6/3/2023,NANNY
713,6/2/2023,HUMID
712,6/1/2023,JAZZY
711,5/31/2023,AGILE
710,5/30/2023,KNEEL
709,5/29/2023,MOUSE
708,5/28/2023,SKIMP
707,5/27/2023,RAMEN
706,5/26/2023,SWINE
705,5/25/2023,BAGEL
704,5/24/2023,UTTER
703,5/23/2023,CLERK
702,5/22/2023,IGLOO
701,5/21/2023,BRASH
700,5/20/2023,FLASK
699,5/19/2023,GRIEF
698,5/18/2023,SHORN
697,5/17/2023,PLANK
696,5/16/2023,LATTE
695,5/15/2023,CANOE
694,5/14/2023,SCARF
693,5/13/2023,ACRID
692,5/12/2023,SNACK
691,5/11/2023,BROOM
690,5/10/2023,ETHIC
689,5/9/2023,COCOA
688,5/8/2023,AGLOW
687,5/7/2023,GHOUL
686,5/6/2023,ANGER
685,5/5/2023,BELOW
684,5/4/2023,GUPPY
683,5/3/2023,HORDE
682,5/2/2023,SULKY
681,5/1/2023,RANGE
680,4/30/2023,PLAZA
679,4/29/2023,CEDAR
678,4/28/2023,CIRCA
677,4/27/2023,LOGIC
676,4/26/2023,METRO
675,4/25/2023,JOKER
674,4/24/2023,DITTO
673,4/23/2023,UNZIP
672,4/22/2023,BROKE
671,4/21/2023,KAYAK
670,4/20/2023,PLATE
669,4/19/2023,THUMP
668,4/18/2023,HOUND
667,4/17/2023,WHIFF
666,4/16/2023,DWELT
665,4/15/2023,AGONY
664,4/14/2023,THIEF
663,4/13/2023,CARAT
662,4/12/2023,BORAX
661,4/11/2023,QUALM
660,4/10/2023,UNDER
659,4/9/2023,SNAFU
658,4/8/2023,LEDGE
657,4/7/2023,LOCUS
656,4/6/2023,LEAFY
655,4/5/2023,SMASH
654,4/4/2023,RATIO
653,4/3/2023,FLORA
652,4/2/2023,STOCK
651,4/1/2023,MARCH
650,3/31/2023,EVERY
649,3/30/2023,BREAD
648,3/29/2023,BESET
647,3/28/2023,HURRY
646,3/27/2023,GUANO
645,3/26/2023,UNTIE
644,3/25/2023,VOTER
643,3/24/2023,GROUT
642,3/23/2023,STAID
641,3/22/2023,DUVET
640,3/21/2023,TOUGH
639,3/20/2023,GLOVE
638,3/19/2023,CREDO
637,3/18/2023,YACHT
636,3/17/2023,MEALY
635,3/16/2023,CIDER
634,3/15/2023,SWEEP
633,3/14/2023,SURLY
632,3/13/2023,BLAME
631,3/12/2023,BIRTH
630,3/11/2023,EMAIL
629,3/10/2023,REVEL
628,3/9/2023,WHERE
627,3/8/2023,REGAL
626,3/7/2023,HORSE
625,3/6/2023,PINKY
624,3/5/2023,TOXIC
623,3/4/2023,TREND
622,3/3/2023,SQUAT
621,3/2/2023,ABOVE
620,3/1/2023,MOOSE
619,2/28/2023,POLKA
618,2/27/2023,WORSE
617,2/26/2023,SYRUP
616,2/25/2023,FIFTY
615,2/24/2023,ARBOR
614,2/23/2023,VAGUE
613,2/22/2023,RIPER
612,2/21/2023,RUDDY
611,2/20/2023,SWEAT
610,2/19/2023,KIOSK
609,2/18/2023,AVAIL
608,2/17/2023,CACHE
607,2/16/2023,MAGIC
606,2/15/2023,SALSA
605,2/14/2023,SOUND
604,2/13/2023,USAGE
603,2/12/2023,GIANT
602,2/11/2023,DEBUG
601,2/10/2023,HEADY
600,2/9/2023,STAGE
599,2/8/2023,FLAIL
598,2/7/2023,APPLE
597,2/6/2023,NINTH
596,2/5/2023,DANCE
595,2/4/2023,UNLIT
594,2/3/2023,TASTY
593,2/2/2023,SHIRK
592,2/1/2023,SCOLD
591,1/31/2023,CROSS
590,1/30/2023,CRAVE
589,1/29/2023,FISHY
588,1/28/2023,FLIRT
587,1/27/2023,WORRY
586,1/26/2023,BEEFY
585,1/25/2023,MAIZE
584,1/24/2023,COUNT
583,1/23/2023,ELUDE
582,1/22/2023,MATEY
581,1/21/2023,BLURB
580,1/20/2023,ALTER
579,1/19/2023,MUCKY
578,1/18/2023,CHARD
577,1/17/2023,ADOPT
576,1/16/2023,FROCK
575,1/15/2023,SPIRE
574,1/14/2023,KOALA
573,1/13/2023,HUMAN
572,1/12/2023,LEAPT
571,1/11/2023,SEDAN
570,1/10/2023,GRIMY
569,1/9/2023,PIXIE
568,1/8/2023,OPERA
567,1/7/2023,LEMON
566,1/6/2023,BELIE
565,1/5/2023,SLEEK
564,1/4/2023,LAYER
563,1/3/2023,ANTIC
562,1/2/2023,SKIRT
561,1/1/2023,WHINE
560,12/31/2022,MANLY
559,12/30/2022,MOLAR
558,12/29/2022,HAVOC
557,12/28/2022,IMPEL
556,12/27/2022,CONDO
555,12/26/2022,JUDGE
554,12/25/2022,EXTRA
553,12/24/2022,POISE
552,12/23/2022,AORTA
551,12/22/2022,EXCEL
550,12/21/2022,LUNAR
549,12/20/2022,THIRD
548,12/19/2022,SLATE
547,12/18/2022,TAPER
546,12/17/2022,CHORD
545,12/16/2022,PROBE
544,12/15/2022,RIVAL
543,12/14/2022,USUAL
542,12/13/2022,SPOKE
541,12/12/2022,APPLY
540,12/11/2022,NAIVE
539,12/10/2022,KNOCK
538,12/9/2022,BRAID
537,12/8/2022,INFER
536,12/7/2022,JOUST
535,12/6/2022,AMBER
534,12/5/2022,WOKEN
533,12/4/2022,ADORE
532,12/3/2022,TORSO
531,12/2/2022,CHAFE
530,12/1/2022,EJECT
529,11/30/2022,STUDY
528,11/29/2022,UNDUE
527,11/28/2022,TEPID
526,11/27/2022,HAPPY
525,11/26/2022,CLEAN
524,11/25/2022,ITCHY
523,11/24/2022,FEAST
522,11/23/2022,DRIVE
521,11/22/2022,PRIME
520,11/21/2022,AXIOM
519,11/20/2022,BRAVE
518,11/19/2022,AVERT
517,11/18/2022,GLYPH
516,11/17/2022,THERE
515,11/16/2022,BAKER
514,11/15/2022,SNARL
513,11/14/2022,MAPLE
512,11/13/2022,INANE
511,11/12/2022,VALET
510,11/11/2022,MEDAL
509,11/10/2022,UNITE
508,11/9/2022,RAINY
507,11/8/2022,SPELL
506,11/7/2022,BEGIN
505,11/6/2022,STALE
504,11/5/2022,DREAM
503,11/4/2022,PHOTO
502,11/3/2022,ALOUD
501,11/2/2022,INEPT
500,11/1/2022,PINEY
499,10/31/2022,APTLY
498,10/30/2022,WALTZ
497,10/29/2022,LIBEL
496,10/28/2022,SNEAK
495,10/27/2022,CARRY
494,10/26/2022,FLOUT
493,10/25/2022,FOGGY
492,10/24/2022,FAULT
491,10/23/2022,MUMMY
490,10/22/2022,SPIEL
489,10/21/2022,GROVE
488,10/20/2022,DENIM
487,10/19/2022,QUIRK
486,10/18/2022,EXIST
485,10/17/2022,STEIN
484,10/16/2022,SPADE
483,10/15/2022,CATCH
482,10/14/2022,FLOOR
481,10/13/2022,EQUAL
480,10/12/2022,IONIC
479,10/11/2022,VALID
478,10/10/2022,ENJOY
477,10/9/2022,HOWDY
476,10/8/2022,VIGOR
475,10/7/2022,DANDY
474,10/6/2022,SLOTH
473,10/5/2022,MARSH
472,10/4/2022,BOUGH
471,10/3/2022,STING
470,10/2/2022,TWINE
469,10/1/2022,LEAVE
468,9/30/2022,SCORN
467,9/29/2022,SCALD
466,9/28/2022,USURP
465,9/27/2022,SOGGY
464,9/26/2022,BRISK
463,9/25/2022,ADMIT
462,9/24/2022,GRATE
461,9/23/2022,GLORY
460,9/22/2022,SAINT
459,9/21/2022,RECAP
458,9/20/2022,ALIKE
457,9/19/2022,TRICE
456,9/18/2022,STICK
455,9/17/2022,CHUTE
454,9/16/2022,PARER
453,9/15/2022,DOUBT
452,9/14/2022,THYME
451,9/13/2022,ALPHA
450,9/12/2022,BOOZE
449,9/11/2022,TIBIA
448,9/10/2022,LOFTY
447,9/9/2022,THEME
446,9/8/2022,CLASS
445,9/7/2022,LEERY
444,9/6/2022,TAUNT
443,9/5/2022,WHOOP
442,9/4/2022,INTER
441,9/3/2022,GULLY
440,9/2/2022,CHARM
439,9/1/2022,FUNGI
438,8/31/2022,PRIZE
437,8/30/2022,ONSET
436,8/29/2022,CHIEF
435,8/28/2022,GAUZE
434,8/27/2022,RUDER
433,8/26/2022,IRONY
432,8/25/2022,CLOWN
431,8/24/2022,NEEDY
430,8/23/2022,WOVEN
429,8/22/2022,MERIT
428,8/21/2022,WASTE
427,8/20/2022,TREAT
426,8/19/2022,SHRUG
425,8/18/2022,TWANG
424,8/17/2022,TWICE
423,8/16/2022,GRUEL
422,8/15/2022,POKER
421,8/14/2022,KHAKI
420,8/13/2022,HUNKY
419,8/12/2022,LABEL
418,8/11/2022,GLEAN
417,8/10/2022,CLING
416,8/9/2022,PATTY
415,8/8/2022,UNFIT
414,8/7/2022,SMEAR
413,8/6/2022,ALIEN
412,8/5/2022,BUGGY
411,8/4/2022,RHYME
410,8/3/2022,YOUTH
409,8/2/2022,COYLY
408,8/1/2022,QUART
407,7/31/2022,CRAMP
406,7/30/2022,BLUFF
405,7/29/2022,UPSET
404,7/28/2022,STOMP
403,7/27/2022,MOTTO
402,7/26/2022,CINCH
401,7/25/2022,ELOPE
400,7/24/2022,POWER
399,7/23/2022,MIDGE
398,7/22/2022,TRYST
397,7/21/2022,APHID
396,7/20/2022,TRITE
395,7/19/2022,ANGRY
394,7/18/2022,FLOCK
393,7/17/2022,WACKY
392,7/16/2022,ROOMY
391,7/15/2022,WEDGE
390,7/14/2022,LIVER
389,7/13/2022,BLAND
388,7/12/2022,NIGHT
387,7/11/2022,MADAM
386,7/10/2022,BERTH
385,7/9/2022,STEAD
384,7/8/2022,VOICE
383,7/7/2022,AGAPE
382,7/6/2022,FLUFF
381,7/5/2022,FIELD
380,7/4/2022,SEVER
379,7/3/2022,LILAC
378,7/2/2022,EGRET
377,7/1/2022,PINTO
376,6/30/2022,HUTCH
375,6/29/2022,GAWKY
374,6/28/2022,DROLL
373,6/27/2022,RETRO
372,6/26/2022,RUSTY
371,6/25/2022,BEADY
370,6/24/2022,SMITE
369,6/23/2022,BRINK
368,6/22/2022,AWFUL
367,6/21/2022,GLOAT
366,6/20/2022,INPUT
365,6/19/2022,LOSER
364,6/18/2022,CACAO
363,6/17/2022,BLOWN
362,6/16/2022,APRON
361,6/15/2022,PRIMO
360,6/14/2022,ATONE
359,6/13/2022,DONOR
358,6/12/2022,FLOAT
357,6/11/2022,GOOSE
356,6/10/2022,PIETY
355,6/9/2022,GIRTH
354,6/8/2022,TRAIT
353,6/7/2022,FLOOD
352,6/6/2022,GLOOM
351,6/5/2022,DEPTH
350,6/4/2022,FROTH
349,6/3/2022,PHASE
348,6/2/2022,SHOWY
347,6/1/2022,CREAK
346,5/31/2022,MANOR
345,5/30/2022,ATOLL
344,5/29/2022,BAYOU
343,5/28/2022,CREPT
342,5/27/2022,TIARA
341,5/26/2022,ASSET
340,5/25/2022,VOUCH
339,5/24/2022,ALBUM
338,5/23/2022,HINGE
337,5/22/2022,MONEY
336,5/21/2022,SCRAP
335,5/20/2022,GAMER
334,5/19/2022,GLASS
333,5/18/2022,SCOUR
332,5/17/2022,BEING
331,5/16/2022,DELVE
330,5/15/2022,YIELD
329,5/14/2022,METAL
328,5/13/2022,TIPSY
327,5/12/2022,SLUNG
326,5/11/2022,FARCE
325,5/10/2022,GECKO
324,5/9/2022,SHINE
323,5/8/2022,CANNY
322,5/7/2022,MIDST
321,5/6/2022,BADGE
320,5/5/2022,HOMER
319,5/4/2022,TRAIN
318,5/3/2022,HAIRY
317,5/2/2022,STORY
316,5/1/2022,FORGO
315,4/30/2022,LARVA
314,4/29/2022,TRASH
313,4/28/2022,ZESTY
312,4/27/2022,SHOWN
311,4/26/2022,HEIST
310,4/25/2022,ASKEW
309,4/24/2022,INERT
308,4/23/2022,OLIVE
307,4/22/2022,PLANT
306,4/21/2022,OXIDE
305,4/20/2022,CARGO
304,4/19/2022,FOYER
303,4/18/2022,FLAIR
302,4/17/2022,AMPLE
301,4/16/2022,CHEEK
300,4/15/2022,SHAME
299,4/14/2022,MINCE
298,4/13/2022,CHUNK
297,4/12/2022,ROYAL
296,4/11/2022,SQUAD
295,4/10/2022,BLACK
294,4/9/2022,STAIR
293,4/8/2022,SCARE
292,4/7/2022,FORAY
291,4/6/2022,COMMA
290,4/5/2022,NATAL
289,4/4/2022,SHAWL
288,4/3/2022,FEWER
287,4/2/2022,TROPE
286,4/1/2022,SNOUT
285,3/31/2022,LOWLY
284,3/30/2022,STOVE
283,3/29/2022,SHALL
282,3/28/2022,FOUND
281,3/27/2022,NYMPH
280,3/26/2022,EPOXY
279,3/25/2022,DEPOT
278,3/24/2022,CHEST
277,3/23/2022,PURGE
276,3/22/2022,SLOSH
275,3/21/2022,THEIR
274,3/20/2022,RENEW
273,3/19/2022,ALLOW
272,3/18/2022,SAUTE
271,3/17/2022,MOVIE
270,3/16/2022,CATER
269,3/15/2022,TEASE
268,3/14/2022,SMELT
267,3/13/2022,FOCUS
266,3/12/2022,TODAY
265,3/11/2022,WATCH
264,3/10/2022,LAPSE
263,3/9/2022,MONTH
262,3/8/2022,SWEET
261,3/7/2022,HOARD
260,3/6/2022,CLOTH
259,3/5/2022,BRINE
258,3/4/2022,AHEAD
257,3/3/2022,MOURN
256,3/2/2022,NASTY
255,3/1/2022,RUPEE
254,2/28/2022,CHOKE
253,2/27/2022,CHANT
252,2/26/2022,SPILL
251,2/25/2022,VIVID
250,2/24/2022,BLOKE
249,2/23/2022,TROVE
248,2/22/2022,THORN
247,2/21/2022,OTHER
246,2/20/2022,TACIT
245,2/19/2022,SWILL
244,2/18/2022,DODGE
243,2/17/2022,SHAKE
242,2/16/2022,CAULK
241,2/15/2022,AROMA
240,2/14/2022,CYNIC
239,2/13/2022,ROBIN
238,2/12/2022,ULTRA
237,2/11/2022,ULCER
236,2/10/2022,PAUSE
235,2/9/2022,HUMOR
234,2/8/2022,FRAME
233,2/7/2022,ELDER
232,2/6/2022,SKILL
231,2/5/2022,ALOFT
230,2/4/2022,PLEAT
229,2/3/2022,SHARD
228,2/2/2022,MOIST
227,2/1/2022,THOSE
226,1/31/2022,LIGHT
225,1/30/2022,WRUNG
224,1/29/2022,COULD
223,1/28/2022,PERKY
222,1/27/2022,MOUNT
221,1/26/2022,WHACK
220,1/25/2022,SUGAR
219,1/24/2022,KNOLL
218,1/23/2022,CRIMP
217,1/22/2022,WINCE
216,1/21/2022,PRICK
215,1/20/2022,ROBOT
214,1/19/2022,POINT
213,1/18/2022,PROXY
212,1/17/2022,SHIRE
211,1/16/2022,SOLAR
210,1/15/2022,PANIC
209,1/14/2022,TANGY
208,1/13/2022,ABBEY
207,1/12/2022,FAVOR
206,1/11/2022,DRINK
205,1/10/2022,QUERY
204,1/9/2022,GORGE
203,1/8/2022,CRANK
202,1/7/2022,SLUMP
201,1/6/2022,BANAL
200,1/5/2022,TIGER
199,1/4/2022,SIEGE
198,1/3/2022,TRUSS
197,1/2/2022,BOOST
196,1/1/2022,REBUS
195,12/31/2021,UNIFY
194,12/30/2021,TROLL
193,12/29/2021,TAPIR
192,12/28/2021,ASIDE
191,12/27/2021,FERRY
190,12/26/2021,ACUTE
189,12/25/2021,PICKY
188,12/24/2021,WEARY
187,12/23/2021,GRIPE
186,12/22/2021,CRAZE
185,12/21/2021,PLUCK
184,12/20/2021,BRAKE
183,12/19/2021,BATON
182,12/18/2021,CHAMP
181,12/17/2021,PEACH
180,12/16/2021,USING
179,12/15/2021,TRACE
178,12/14/2021,VITAL
177,12/13/2021,SONIC
176,12/12/2021,MASSE
175,12/11/2021,CONIC
174,12/10/2021,VIRAL
173,12/9/2021,RHINO
172,12/8/2021,BREAK
171,12/7/2021,TRIAD
170,12/6/2021,EPOCH
169,12/5/2021,USHER
168,12/4/2021,EXULT
167,12/3/2021,GRIME
166,12/2/2021,CHEAT
165,12/1/2021,SOLVE
164,11/30/2021,BRING
163,11/29/2021,PROVE
162,11/28/2021,STORE
161,11/27/2021,TILDE
160,11/26/2021,CLOCK
159,11/25/2021,WROTE
158,11/24/2021,RETCH
157,11/23/2021,PERCH
156,11/22/2021,ROUGE
155,11/21/2021,RADIO
154,11/20/2021,SURER
153,11/19/2021,FINER
152,11/18/2021,VODKA
151,11/17/2021,HERON
150,11/16/2021,CHILL
149,11/15/2021,GAUDY
148,11/14/2021,PITHY
147,11/13/2021,SMART
146,11/12/2021,BADLY
145,11/11/2021,ROGUE
144,11/10/2021,GROUP
143,11/9/2021,FIXER
142,11/8/2021,GROIN
141,11/7/2021,DUCHY
140,11/6/2021,COAST
139,11/5/2021,BLURT
138,11/4/2021,PULPY
137,11/3/2021,ALTAR
136,11/2/2021,GREAT
135,11/1/2021,BRIAR
134,10/31/2021,CLICK
133,10/30/2021,GOUGE
132,10/29/2021,WORLD
131,10/28/2021,ERODE
130,10/27/2021,BOOZY
129,10/26/2021,DOZEN
128,10/25/2021,FLING
127,10/24/2021,GROWL
126,10/23/2021,ABYSS
125,10/22/2021,STEED
124,10/21/2021,ENEMA
123,10/20/2021,JAUNT
122,10/19/2021,COMET
121,10/18/2021,TWEED
120,10/17/2021,PILOT
119,10/16/2021,DUTCH
118,10/15/2021,BELCH
117,10/14/2021,OUGHT
116,10/13/2021,DOWRY
115,10/12/2021,THUMB
114,10/11/2021,HYPER
113,10/10/2021,HATCH
112,10/9/2021,ALONE
111,10/8/2021,MOTOR
110,10/7/2021,ABACK
109,10/6/2021,GUILD
108,10/5/2021,KEBAB
107,10/4/2021,SPEND
106,10/3/2021,FJORD
105,10/2/2021,ESSAY
104,10/1/2021,SPRAY
103,9/30/2021,SPICY
102,9/29/2021,AGATE
101,9/28/2021,SALAD
100,9/27/2021,BASIC
99,9/26/2021,MOULT
98,9/25/2021,CORNY
97,9/24/2021,FORGE
96,9/23/2021,CIVIC
95,9/22/2021,ISLET
94,9/21/2021,LABOR
93,9/20/2021,GAMMA
92,9/19/2021,LYING
91,9/18/2021,AUDIT
90,9/17/2021,ROUND
89,9/16/2021,LOOPY
88,9/15/2021,LUSTY
87,9/14/2021,GOLEM
86,9/13/2021,GONER
85,9/12/2021,GREET
84,9/11/2021,START
83,9/10/2021,LAPEL
82,9/9/2021,BIOME
81,9/8/2021,PARRY
80,9/7/2021,SHRUB
79,9/6/2021,FRONT
78,9/5/2021,WOOER
77,9/4/2021,TOTEM
76,9/3/2021,FLICK
75,9/2/2021,DELTA
74,9/1/2021,BLEED
73,8/31/2021,ARGUE
72,8/30/2021,SWIRL
71,8/29/2021,ERROR
70,8/28/2021,AGREE
69,8/27/2021,OFFAL
68,8/26/2021,FLUME
67,8/25/2021,CRASS
66,8/24/2021,PANEL
65,8/23/2021,STOUT
64,8/22/2021,BRIBE
63,8/21/2021,DRAIN
62,8/20/2021,YEARN
61,8/19/2021,PRINT
60,8/18/2021,SEEDY
59,8/17/2021,IVORY
58,8/16/2021,BELLY
57,8/15/2021,STAND
56,8/14/2021,FIRST
55,8/13/2021,FORTH
54,8/12/2021,BOOBY
53,8/11/2021,FLESH
52,8/10/2021,UNMET
51,8/9/2021,LINEN
50,8/8/2021,MAXIM
49,8/7/2021,POUND
48,8/6/2021,MIMIC
47,8/5/2021,SPIKE
46,8/4/2021,CLUCK
45,8/3/2021,CRATE
44,8/2/2021,DIGIT
43,8/1/2021,REPAY
42,7/31/2021,SOWER
41,7/30/2021,CRAZY
40,7/29/2021,ADOBE
39,7/28/2021,OUTDO
38,7/27/2021,TRAWL
37,7/26/2021,WHELP
36,7/25/2021,UNFED
35,7/24/2021,PAPER
34,7/23/2021,STAFF
33,7/22/2021,CROAK
32,7/21/2021,HELIX
31,7/20/2021,FLOSS
30,7/19/2021,PRIDE
29,7/18/2021,BATTY
28,7/17/2021,REACT
27,7/16/2021,MARRY
26,7/15/2021,ABASE
25,7/14/2021,COLON
24,7/13/2021,STOOL
23,7/12/2021,CRUST
22,7/11/2021,FRESH
21,7/10/2021,DEATH
20,7/9/2021,MAJOR
19,7/8/2021,FEIGN
18,7/7/2021,ABATE
17,7/6/2021,BENCH
16,7/5/2021,QUIET
15,7/4/2021,GRADE
14,7/3/2021,STINK
13,7/2/2021,KARMA
12,7/1/2021,MODEL
11,6/30/2021,DWARF
10,6/29/2021,HEATH
9,6/28/2021,SERVE
8,6/27/2021,NAVAL
7,6/26/2021,EVADE
6,6/25/2021,FOCAL
5,6/24/2021,BLUSH
4,6/23/2021,AWAKE
3,6/22/2021,HUMPH
2,6/21/2021,SISSY
1,6/20/2021,REBUT
0,6/19/2021,CIGAR
